{"nextId":5,"logins":[{"id":1,"hostname":"https://resethacker.com","httpRealm":null,"formSubmitURL":"https://resethacker.com","usernameField":"username","passwordField":"password","encryptedUsername":"MDIEEPgAAAAAAAAAAAAAAAAAAAEwFAYIKoZIhvcNAwcECH8dWXRbkbT7BAiig/fXRua2uQ==","encryptedPassword":"MGIEEPgAAAAAAAAAAAAAAAAAAAEwFAYIKoZIhvcNAwcECHR5EZhjgrCnBDj0hTbtFcORcMcawsj4V1BACwGxjkVrcReqCV5+9R+S9UfDULspR4eUFykfcKrfqDVbtmcc9zUa1A==","guid":"{6c0b668b-511b-46bb-ab71-bdab6104f9ad}","encType":1,"timeCreated":1596781613381,"timeLastUsed":1596781613381,"timePasswordChanged":1596781613381,"timesUsed":1},{"id":2,"hostname":"https://resethacker.com","httpRealm":null,"formSubmitURL":"https://resethacker.com","usernameField":"username","passwordField":"password","encryptedUsername":"MDIEEPgAAAAAAAAAAAAAAAAAAAEwFAYIKoZIhvcNAwcECFi5rcEw1zVsBAjxt88kqdD2Wg==","encryptedPassword":"MDIEEPgAAAAAAAAAAAAAAAAAAAEwFAYIKoZIhvcNAwcECJF7SeM7Z92GBAgJc7N6gz7hlw==","guid":"{f891029b-523b-4523-820d-d332524ac731}","encType":1,"timeCreated":1596781629038,"timeLastUsed":1596781629038,"timePasswordChanged":1596781629038,"timesUsed":1},{"id":3,"hostname":"https://resethacker.com","httpRealm":null,"formSubmitURL":"https://resethacker.com","usernameField":"username","passwordField":"password","encryptedUsername":"MDIEEPgAAAAAAAAAAAAAAAAAAAEwFAYIKoZIhvcNAwcECDPZz088N6VfBAj5S2COSzP7YQ==","encryptedPassword":"MDIEEPgAAAAAAAAAAAAAAAAAAAEwFAYIKoZIhvcNAwcECNbqbUWeBOTXBAifayXdLmo9BQ==","guid":"{9bae1d6f-3dcf-4c76-ac2a-34d90d8de9d7}","encType":1,"timeCreated":1596781655446,"timeLastUsed":1596781666281,"timePasswordChanged":1596781655446,"timesUsed":2},{"id":4,"hostname":"https://demo.ctfd.io","httpRealm":null,"formSubmitURL":"https://demo.ctfd.io","usernameField":"name","passwordField":"password","encryptedUsername":"MDoEEPgAAAAAAAAAAAAAAAAAAAEwFAYIKoZIhvcNAwcECFaNpoA9I+d2BBBGsunAmy1OKRxq1RBdPlPb","encryptedPassword":"MDoEEPgAAAAAAAAAAAAAAAAAAAEwFAYIKoZIhvcNAwcECAON9DBtshOABBBlPxcNdTD+/MPDQv3GOiu5","guid":"{50704cec-6333-4d0e-bb33-a275871931c9}","encType":1,"timeCreated":1596782191644,"timeLastUsed":1596782191644,"timePasswordChanged":1596782191644,"timesUsed":1}],"version":2}