{"chrome://browser/content/browser.xul":{"PersonalToolbar":{"collapsed":"false"},"main-window":{"screenX":"50","screenY":"27","width":"1722","height":"1024","sizemode":"normal"},"sidebar-box":{"sidebarcommand":"","width":""},"sidebar-title":{"value":""}},"chrome://passwordmgr/content/passwordManager.xul":{"SignonViewerDialog":{"screenX":"161","screenY":"227","width":"1399","height":"661"},"userCol":{"width":"221"},"siteCol":{"width":"486"},"timePasswordChangedCol":{"width":"103"},"passwordCol":{"width":"534"}}}